{"meta":{"title":"Hexo","subtitle":null,"description":null,"author":"styytNOTstop","url":"https://styyt.github.io","root":"/"},"posts":[{"title":"mybatis的spring-mapper注入方式研究","date":"2019-09-01T03:32:36.000Z","path":"2019/09/01/mybatis的mapper注入方式研究/","permalink":"https://styyt.github.io/2019/09/01/mybatis的mapper注入方式研究/","categories":[{"name":"mybatis","slug":"mybatis","permalink":"https://styyt.github.io/categories/mybatis/"}],"tags":[{"name":"mybatis","slug":"mybatis","permalink":"https://styyt.github.io/tags/mybatis/"}]},{"title":"hibernate自动更新的坑","date":"2019-08-29T13:29:58.000Z","path":"2019/08/29/hibernate持久化自动更新的坑/","permalink":"https://styyt.github.io/2019/08/29/hibernate持久化自动更新的坑/","categories":[{"name":"hibernate","slug":"hibernate","permalink":"https://styyt.github.io/categories/hibernate/"}],"tags":[{"name":"hibernate","slug":"hibernate","permalink":"https://styyt.github.io/tags/hibernate/"},{"name":"源码解析","slug":"源码解析","permalink":"https://styyt.github.io/tags/源码解析/"}]},{"title":"springBoot自定义Controller的路径","date":"2019-08-28T12:34:16.000Z","path":"2019/08/28/springBoot自定义Controller的路径/","permalink":"https://styyt.github.io/2019/08/28/springBoot自定义Controller的路径/","categories":[{"name":"springBoot","slug":"springBoot","permalink":"https://styyt.github.io/categories/springBoot/"}],"tags":[{"name":"springBoot","slug":"springBoot","permalink":"https://styyt.github.io/tags/springBoot/"}]},{"title":"hive对表的增删改","date":"2019-08-27T06:29:26.000Z","path":"2019/08/27/hive对表的增删查改/","permalink":"https://styyt.github.io/2019/08/27/hive对表的增删查改/","categories":[{"name":"hive","slug":"hive","permalink":"https://styyt.github.io/categories/hive/"}],"tags":[{"name":"hive","slug":"hive","permalink":"https://styyt.github.io/tags/hive/"}]},{"title":"ThreadLocal内的小秘密-巧妙降低内存泄露风险","date":"2019-08-23T06:57:27.000Z","path":"2019/08/23/ThreadLocal内的小秘密-巧妙降低内存泄露风险/","permalink":"https://styyt.github.io/2019/08/23/ThreadLocal内的小秘密-巧妙降低内存泄露风险/","categories":[{"name":"threadLocal","slug":"threadLocal","permalink":"https://styyt.github.io/categories/threadLocal/"}],"tags":[{"name":"threadLocal","slug":"threadLocal","permalink":"https://styyt.github.io/tags/threadLocal/"},{"name":"内存泄露","slug":"内存泄露","permalink":"https://styyt.github.io/tags/内存泄露/"}]},{"title":"hive从csv导入数据","date":"2019-08-15T12:35:23.000Z","path":"2019/08/15/hive从csv导入数据/","permalink":"https://styyt.github.io/2019/08/15/hive从csv导入数据/","categories":[{"name":"hive","slug":"hive","permalink":"https://styyt.github.io/categories/hive/"}],"tags":[{"name":"hive","slug":"hive","permalink":"https://styyt.github.io/tags/hive/"}]},{"title":"hibernate4监听器的实现简单解析","date":"2019-08-08T09:24:29.000Z","path":"2019/08/08/hibernate4监听器的实现简单解析/","permalink":"https://styyt.github.io/2019/08/08/hibernate4监听器的实现简单解析/","categories":[],"tags":[{"name":"spring","slug":"spring","permalink":"https://styyt.github.io/tags/spring/"},{"name":"hibernate4","slug":"hibernate4","permalink":"https://styyt.github.io/tags/hibernate4/"},{"name":"设计模式","slug":"设计模式","permalink":"https://styyt.github.io/tags/设计模式/"},{"name":"源码解读","slug":"源码解读","permalink":"https://styyt.github.io/tags/源码解读/"}]},{"title":"hive存储换行符等特殊字符","date":"2019-08-06T03:14:24.000Z","path":"2019/08/06/hive存储换行符等特殊字符/","permalink":"https://styyt.github.io/2019/08/06/hive存储换行符等特殊字符/","categories":[{"name":"hive","slug":"hive","permalink":"https://styyt.github.io/categories/hive/"}],"tags":[{"name":"hive","slug":"hive","permalink":"https://styyt.github.io/tags/hive/"}]},{"title":"tomcat,jetty,jboss跨域配置","date":"2019-08-02T14:14:51.000Z","path":"2019/08/02/tomcat-jetty-jboss跨域配置/","permalink":"https://styyt.github.io/2019/08/02/tomcat-jetty-jboss跨域配置/","categories":[{"name":"CORS跨域","slug":"CORS跨域","permalink":"https://styyt.github.io/categories/CORS跨域/"}],"tags":[{"name":"jetty","slug":"jetty","permalink":"https://styyt.github.io/tags/jetty/"},{"name":"jboss","slug":"jboss","permalink":"https://styyt.github.io/tags/jboss/"},{"name":"tomcat","slug":"tomcat","permalink":"https://styyt.github.io/tags/tomcat/"},{"name":"CORS","slug":"CORS","permalink":"https://styyt.github.io/tags/CORS/"},{"name":"spring","slug":"spring","permalink":"https://styyt.github.io/tags/spring/"},{"name":"sringboot","slug":"sringboot","permalink":"https://styyt.github.io/tags/sringboot/"}]},{"title":"springMVC获取content-type为form-data类型的参数和值解析","date":"2019-07-25T02:45:54.000Z","path":"2019/07/25/content-type01/","permalink":"https://styyt.github.io/2019/07/25/content-type01/","categories":[{"name":"springMVC源码解读","slug":"springMVC源码解读","permalink":"https://styyt.github.io/categories/springMVC源码解读/"}],"tags":[{"name":"源码解读","slug":"源码解读","permalink":"https://styyt.github.io/tags/源码解读/"},{"name":"springMVC","slug":"springMVC","permalink":"https://styyt.github.io/tags/springMVC/"},{"name":"form_data","slug":"form-data","permalink":"https://styyt.github.io/tags/form-data/"}]},{"title":"ElasticSearch笔记","date":"2019-07-13T16:00:00.000Z","path":"2019/07/14/ElasticSearch-001/","permalink":"https://styyt.github.io/2019/07/14/ElasticSearch-001/","categories":[{"name":"ElasticSearch","slug":"ElasticSearch","permalink":"https://styyt.github.io/categories/ElasticSearch/"}],"tags":[{"name":"ElasticSearch","slug":"ElasticSearch","permalink":"https://styyt.github.io/tags/ElasticSearch/"},{"name":"Oracle","slug":"Oracle","permalink":"https://styyt.github.io/tags/Oracle/"}]},{"title":"mybatis字符串比较","date":"2019-06-24T12:51:20.000Z","path":"2019/06/24/mybatis字符串比较/","permalink":"https://styyt.github.io/2019/06/24/mybatis字符串比较/","categories":[{"name":"mybatis","slug":"mybatis","permalink":"https://styyt.github.io/categories/mybatis/"}],"tags":[{"name":"mybatis","slug":"mybatis","permalink":"https://styyt.github.io/tags/mybatis/"},{"name":"字符串比较","slug":"字符串比较","permalink":"https://styyt.github.io/tags/字符串比较/"}]},{"title":"mybatis占位符的区别","date":"2019-05-21T16:00:00.000Z","path":"2019/05/22/mybatis-placeholder/","permalink":"https://styyt.github.io/2019/05/22/mybatis-placeholder/","categories":[{"name":"mybatis","slug":"mybatis","permalink":"https://styyt.github.io/categories/mybatis/"}],"tags":[{"name":"mybatis","slug":"mybatis","permalink":"https://styyt.github.io/tags/mybatis/"},{"name":"sql注入","slug":"sql注入","permalink":"https://styyt.github.io/tags/sql注入/"}]},{"title":"ORA-01722 invalid number","date":"2019-05-13T10:38:05.000Z","path":"2019/05/13/ORA-01722 invalid number/","permalink":"https://styyt.github.io/2019/05/13/ORA-01722 invalid number/","categories":[{"name":"ORACLE","slug":"ORACLE","permalink":"https://styyt.github.io/categories/ORACLE/"}],"tags":[{"name":"ORACLE","slug":"ORACLE","permalink":"https://styyt.github.io/tags/ORACLE/"}]},{"title":"js、java、mysql字符串那长度判断的不同","date":"2017-06-15T12:16:29.000Z","path":"2017/06/15/ja、java、mysql字符串那长度判断的不同/","permalink":"https://styyt.github.io/2017/06/15/ja、java、mysql字符串那长度判断的不同/","categories":[],"tags":[{"name":"js","slug":"js","permalink":"https://styyt.github.io/tags/js/"},{"name":"java","slug":"java","permalink":"https://styyt.github.io/tags/java/"},{"name":"mysql","slug":"mysql","permalink":"https://styyt.github.io/tags/mysql/"}]},{"title":"sql排序+分页的小问题","date":"2017-01-28T02:43:41.000Z","path":"2017/01/28/sql排序-分页的小问题/","permalink":"https://styyt.github.io/2017/01/28/sql排序-分页的小问题/","categories":[{"name":"mysql","slug":"mysql","permalink":"https://styyt.github.io/categories/mysql/"}],"tags":[{"name":"mysql","slug":"mysql","permalink":"https://styyt.github.io/tags/mysql/"},{"name":"oracle","slug":"oracle","permalink":"https://styyt.github.io/tags/oracle/"}]},{"title":"ajax的traditional作用","date":"2016-09-26T09:27:23.000Z","path":"2016/09/26/ajax的traditional作用/","permalink":"https://styyt.github.io/2016/09/26/ajax的traditional作用/","categories":[{"name":"ajax","slug":"ajax","permalink":"https://styyt.github.io/categories/ajax/"}],"tags":[{"name":"ajax","slug":"ajax","permalink":"https://styyt.github.io/tags/ajax/"}]},{"title":"自己写一个mysql动态查询树形结构的存储过程","date":"2016-09-09T07:08:57.000Z","path":"2016/09/09/自己写一个mysql动态查询树形结构的存储过程/","permalink":"https://styyt.github.io/2016/09/09/自己写一个mysql动态查询树形结构的存储过程/","categories":[{"name":"mysql","slug":"mysql","permalink":"https://styyt.github.io/categories/mysql/"}],"tags":[{"name":"mysql","slug":"mysql","permalink":"https://styyt.github.io/tags/mysql/"},{"name":"tree","slug":"tree","permalink":"https://styyt.github.io/tags/tree/"},{"name":"history","slug":"history","permalink":"https://styyt.github.io/tags/history/"}]}]}